smiles,split,leverage_h,h_star,in_ad_leverage,in_interval,interval_loss
Cc1ccc(C)cc1,train,0.4393756262813338,0.5529661016949152,True,False,0.6958346290005815
CC1CCC2CC(C)C(C)CC2C1,train,0.061232608040678566,0.5529661016949152,True,False,0.47448960539766405
C[C@]12CC[C@H]3[C@@H](CCC4=CC(=O)CC[C@@]43C)[C@@H]1CC[C@@H]2O,train,0.41534223576108864,0.5529661016949152,True,False,0.12573359235695847
C[C@@H]1CC[C@H](C)C1,train,0.07307083863584359,0.5529661016949152,True,True,0.0
ClC=C(Cl)Cl,train,0.10978296042524412,0.5529661016949152,True,False,0.3126476080669023
O=C1C=CC(=O)O1,train,0.6855267232722995,0.5529661016949152,False,False,0.19414807754353713
CCO,train,0.27648878905391117,0.5529661016949152,True,False,1.3468472820923092
COc1ccccc1,train,0.07779233844590243,0.5529661016949152,True,False,0.6158991316957947
CCCOC(=O)c1ccc(O)cc1,train,0.20211376724397676,0.5529661016949152,True,False,0.2427389959014271
COCC(C)OC(C)=O,train,0.06525154281908711,0.5529661016949152,True,False,0.22423379199637017
CC(C)(C)C(=O)C(Oc1ccc(Cl)cc1)n1cncn1,train,0.2574280862907782,0.5529661016949152,True,False,0.11041665039772242
Cc1cc(C)cc(C)c1.Cc1cc(C)cc(C)c1,train,0.03378216326873347,0.5529661016949152,True,False,0.04644212405482473
Clc1cc(Cl)cc(Cl)c1,train,0.014884791774189127,0.5529661016949152,True,False,0.8971548987918155
C1CC2CCC3CCCC4CCC(C1)C2C34,train,0.2888661046724865,0.5529661016949152,True,False,0.753666692141318
Cc1cccc(C)c1N,train,0.10003900195619947,0.5529661016949152,True,True,0.0
CCNCC,train,0.16491979792670453,0.5529661016949152,True,False,0.9860643568184888
Fc1ccc(Oc2ccnc3cc(Cl)cc(Cl)c23)cc1,train,0.29681569487732534,0.5529661016949152,True,False,1.3619296359624995
c1ccsc1,train,0.36185390628520975,0.5529661016949152,True,True,0.0
Clc1cc(-c2cc(Cl)c(Cl)c(Cl)c2)cc(Cl)c1Cl,train,0.03402860328763,0.5529661016949152,True,False,2.1710657017916755
CCCCCCC(C)CC,train,0.05346007446065056,0.5529661016949152,True,True,0.0
CCCCC(C)CCC,train,0.05557055276409889,0.5529661016949152,True,False,0.18809447825993575
CCN,train,0.08101375143405194,0.5529661016949152,True,False,0.18283897581675201
COc1nc(C)nc(=NC(O)=NS(=O)(=O)c2ccccc2CCC(F)(F)F)[nH]1,train,0.4218406887944488,0.5529661016949152,True,False,1.4722744910641623
CCOP(=S)(OCC)Oc1ccc([N+](=O)[O-])cc1,train,0.3118443539600565,0.5529661016949152,True,True,0.0
CCCCCCCCCCCCCCCCCC,train,0.09104103453919014,0.5529661016949152,True,True,0.0
CC(C)N=c1nc(Cl)[nH]c(=NC2CC2)[nH]1,train,0.14819601380951467,0.5529661016949152,True,False,1.0636376278559982
CCCCCCCOC(=O)c1ccccc1C(=O)OCCCCCCC,train,0.14053245487060387,0.5529661016949152,True,True,0.0
C[C@@H]1CCC[C@H](C)C1,train,0.09292884367181865,0.5529661016949152,True,True,0.0
C[C@@H]1CC[C@H]2C(C)(C)[C@H]3C[C@@]12CC[C@@]3(C)O,train,0.031149112916186772,0.5529661016949152,True,False,0.0355514658934698
Oc1cccc(Cl)c1Cl,train,0.15414891023095043,0.5529661016949152,True,False,0.4147220162008599
Cc1ccc(N(SC(F)(Cl)Cl)S(=O)(=O)N(C)C)cc1,train,0.11450064549567587,0.5529661016949152,True,False,0.19744698081703227
CCCCC(C)CCC(C)C,train,0.04991706406380575,0.5529661016949152,True,False,0.28750714845694947
CCCCOCCOCCO,train,0.2900032055593536,0.5529661016949152,True,False,0.19457528605315844
CCC(C)CCCC(C)C,train,0.013657181562724779,0.5529661016949152,True,True,0.0
CC(C)C(C(=O)OC(C#N)c1cccc(Oc2ccccc2)c1)c1ccc(OC(F)F)cc1,train,0.4171691550341145,0.5529661016949152,True,True,0.0
CCc1cccc2ccccc12,train,0.23906353332501162,0.5529661016949152,True,False,1.9841091294881699
Clc1ccc2c(c1)Oc1ccc(Cl)cc1O2,train,0.013458095126840834,0.5529661016949152,True,True,0.0
Nc1cccc([N+](=O)[O-])c1,train,0.3849284681544213,0.5529661016949152,True,False,0.33780238832883364
CC(Cl)(Cl)Cl,train,0.1770011986015979,0.5529661016949152,True,False,0.3488475403422886
CCCCCCC1CCc2ccccc2C1,train,0.05735101665189393,0.5529661016949152,True,False,0.8957020640437723
Cc1cccc(OP(=O)(Oc2cccc(C)c2)Oc2cccc(C)c2)c1,train,0.13584649188028822,0.5529661016949152,True,False,0.42236978383811064
CCCCCCCCCC,train,0.11997357393978339,0.5529661016949152,True,False,0.09473399673436123
C1CCC(C2CCCCC2)CC1,train,0.0534459521060047,0.5529661016949152,True,False,0.14936305290844976
CCCCC(CC)CCC,train,0.03663988244698508,0.5529661016949152,True,True,0.0
Cc1cccc2ccccc12,train,0.09471394621615017,0.5529661016949152,True,False,0.1352371344173795
Oc1ccccc1Br,train,0.23014828281235458,0.5529661016949152,True,False,0.5536713222898106
CCCCCCCCCC1CCCCC1,train,0.2564688591381307,0.5529661016949152,True,False,0.7331917659005915
Cc1cc(C(F)(C(F)(F)F)C(F)(F)F)ccc1NC(=O)c1cccc(I)c1C(O)=NC(C)(C)CS(C)(=O)=O,train,0.2491921061468489,0.5529661016949152,True,False,1.248650505431979
CC1COC(Cn2cncn2)(c2ccc(Oc3ccc(Cl)cc3)cc2Cl)O1,train,0.4449458275231862,0.5529661016949152,True,False,0.8242200091118179
CC1CCCCC1NC(O)=Nc1ccccc1,train,0.03235451873450089,0.5529661016949152,True,False,1.4153556996542895
CC=O,train,0.31295090588409424,0.5529661016949152,True,False,0.1371837602654793
C=CC(=O)O,train,0.09494865318590671,0.5529661016949152,True,False,1.7959822810862012
CNC.O=C(O)COc1ccc(Cl)cc1Cl,train,0.27271289569702223,0.5529661016949152,True,True,0.0
NC1CCCCC1,train,0.14700772999048,0.5529661016949152,True,False,0.13081817395929374
OCCNCCO,train,0.31428738627074193,0.5529661016949152,True,True,0.0
Cn1sccc1=O,train,0.6704507202584277,0.5529661016949152,False,False,0.8954862625747306
Clc1ccc(Cl)cc1,train,0.11943148397901786,0.5529661016949152,True,False,1.2525453783431308
Nc1ccc(Cl)cc1,train,0.16512167608065056,0.5529661016949152,True,True,0.0
CCCCCCCCC(C)CCC,train,0.03384759908673948,0.5529661016949152,True,True,0.0
C1CCCCCCC1,train,0.2800004728258905,0.5529661016949152,True,False,1.3964328425504084
CCCCC(C)CCCC(C)C,train,0.1693048364592885,0.5529661016949152,True,False,0.6109314472238832
Clc1ccc(-c2ccccc2)c(Cl)c1Cl,train,0.03289755201558462,0.5529661016949152,True,False,1.7375839396349497
CCOC(=O)CC(SP(=S)(OC)OC)C(=O)OCC,train,0.059153054245466526,0.5529661016949152,True,False,0.08999317168404974
Clc1cc(-c2cccc(Cl)c2Cl)cc(Cl)c1Cl,train,0.06418624694185744,0.5529661016949152,True,False,2.1208336169405637
N=c1nc(O)c2ncn(CCC(CO)CO)c2[nH]1,train,0.34600410559534794,0.5529661016949152,True,False,1.9534343086104817
N=c1[nH]c(C2CC2)nc(C(=O)O)c1Cl,train,0.538896036373865,0.5529661016949152,True,False,0.9859972889942279
CCCCN=C(O)n1c(N=C(O)OC)nc2ccccc21,train,0.1188658282267903,0.5529661016949152,True,True,0.0
CCOCN(C(=O)CCl)c1c(C)cccc1CC,train,0.29021861074462213,0.5529661016949152,True,False,0.1091754478499744
CC(C)COC(=O)c1ccccc1C(=O)OCC(C)C,train,0.24597105359508606,0.5529661016949152,True,False,0.6830652308807588
Clc1cc(Cl)c(Cl)cc1Cl,train,0.1896646788971467,0.5529661016949152,True,False,1.9026983872656413
Clc1cc2c(cc1Cl)Oc1cc(Cl)c(Cl)cc1O2,train,0.07433729490849134,0.5529661016949152,True,False,0.6765724738560841
O=S1OCC2C(CO1)C1(Cl)C(Cl)=C(Cl)C2(Cl)C1(Cl)Cl,train,0.7185842427842247,0.5529661016949152,False,False,0.18222772109982333
O=[N+]([O-])c1ccc(O)cc1,train,0.09536798962338493,0.5529661016949152,True,False,0.9791964293613731
O=C(O)c1ccc(C(=O)O)cc1,train,0.09441279774068981,0.5529661016949152,True,False,0.19480704592844644
c1ccc(C2CCCC(C3CCCCC3)C2)cc1,train,0.10739728490522275,0.5529661016949152,True,False,0.21927587742544108
CCCCCC(CC)CC,train,0.09349846202036964,0.5529661016949152,True,True,0.0
CCCC(C)CCC,train,0.01807401740966371,0.5529661016949152,True,True,0.0
CO,train,0.06147010247856533,0.5529661016949152,True,False,0.42132841995570547
CCCCCCC(CC)CC,train,0.05303336433642282,0.5529661016949152,True,False,0.2565520033881381
C#CCCCC,train,0.3579130987132517,0.5529661016949152,True,False,0.38414540163893607
CCCCCCCCCCO,train,0.06201279739234495,0.5529661016949152,True,True,0.0
CC1CCC2CC(C)CCC2C1,train,0.050179742273852516,0.5529661016949152,True,True,0.0
Clc1ccc2oc3ccc(Cl)cc3c2c1,train,0.03975350664074438,0.5529661016949152,True,False,0.21499632136612934
Cc1cc2ccccc2cc1C,train,0.11616846934956704,0.5529661016949152,True,False,1.464383850749335
O=C(O)c1ccccc1,train,0.11549761535896252,0.5529661016949152,True,True,0.0
CC1CCC2CCC3CCC(C)CC3C2C1,train,0.24232045726027174,0.5529661016949152,True,False,0.25809542233582805
CC1CC(C)CC(C)C1,train,0.05399719224741647,0.5529661016949152,True,False,0.473423380312333
O=C1C(Cl)=C(Cl)C(=O)C(Cl)=C1Cl,train,0.6092885053426452,0.5529661016949152,False,False,1.0721658147061122
CCCCCCCCC(C)C,train,0.014073328361963714,0.5529661016949152,True,True,0.0
Clc1c(Cl)c(Cl)c2c(c1Cl)Oc1ccccc1O2,train,0.034990274578444586,0.5529661016949152,True,False,0.50289128145893
CC(C)CCC(C)C,train,0.017611612472713624,0.5529661016949152,True,True,0.0
C[C@@H]1CCCC[C@H]1C,train,0.06825756840273833,0.5529661016949152,True,True,0.0
CCN=c1nc(Cl)[nH]c(=NCC)[nH]1,train,0.3036992334494114,0.5529661016949152,True,False,0.1239785001740028
OCCO,train,0.11263357287701102,0.5529661016949152,True,False,0.3680496796305335
O=C(O)CN(CC(=O)O)CC(=O)O,train,0.04408032309275268,0.5529661016949152,True,False,0.18040936581792555
BrC1(Br)CCCCCCCCCC(Br)(Br)C1(Br)Br,train,0.09602807335330853,0.5529661016949152,True,False,0.42246014139287946
Cc1ccccc1-c1ccccc1,train,0.12590291031110687,0.5529661016949152,True,False,0.10468519914737784
CCC(C)c1ccccc1,train,0.020974989377789046,0.5529661016949152,True,False,0.035459246751520235
CCCCCCCCC1CC(O)=N[C@@H](CC(=N)O)C(O)=N[C@H](Cc2ccc(O)cc2)C(O)=N[C@H](CC(=N)O)C(=O)N2CCC[C@H]2C(O)=N[C@@H](CCC(=O)O)C(O)=N[C@H](CO)C(O)=N[C@@H]([C@@H](C)O)C(O)=N1,train,0.19978928876224844,0.5529661016949152,True,False,2.3217488158645234
CCCc1ccccc1C,train,0.02305284120663031,0.5529661016949152,True,False,0.002915890700352697
COC=O,train,0.060893010142087006,0.5529661016949152,True,True,0.0
c1cc2c3c(c1)CCc1cccc(c1-3)CC2,train,0.04708666250031507,0.5529661016949152,True,False,0.7360731058935517
CC1CCC(C)c2ccccc21,train,0.3666681523388534,0.5529661016949152,True,False,0.19962733979334257
CCC(C)CCC(C)C,train,0.15416773387172614,0.5529661016949152,True,True,0.0
COC(=O)c1ccccc1,train,0.16270357457517162,0.5529661016949152,True,False,0.8411173062487884
COCCl,train,0.2673018609768896,0.5529661016949152,True,True,0.0
O=[N+]([O-])c1ccc(O)c([N+](=O)[O-])c1,train,0.17129151106120205,0.5529661016949152,True,False,0.39284277271237533
CCC(C)CCCC(C)CCCC(C)CCCC(C)C,train,0.6730435120903419,0.5529661016949152,False,True,0.0
CCCCCC(C)CCC,train,0.0407925445161859,0.5529661016949152,True,False,0.0337110470184977
Cc1ccc(C)cc1.Cc1ccc(C)cc1,train,0.03637202063076176,0.5529661016949152,True,False,0.17109763266619593
COc1ccc(C(=O)c2ccccc2)c(O)c1,train,0.2185077697521999,0.5529661016949152,True,False,0.42249247978854654
CCCN(CCC)N=O,train,0.2523823885513887,0.5529661016949152,True,False,0.8738356540913685
CCC(C)(C)C(C)C,train,0.036135414889583786,0.5529661016949152,True,True,0.0
CCCN(CCC)c1c([N+](=O)[O-])cc(C(F)(F)F)cc1[N+](=O)[O-],train,0.17107341765233822,0.5529661016949152,True,False,0.7590011515047239
Cc1cc(C)cc(C)c1,train,0.06356581901995761,0.5529661016949152,True,False,0.7325036790583557
COc1ccc(C(c2ccc(OC)cc2)C(Cl)(Cl)Cl)cc1,train,0.03591297358285175,0.5529661016949152,True,True,0.0
C=COCCCl,train,0.015246378411033483,0.5529661016949152,True,False,0.3866803295360153
Oc1c(Cl)cc(Cl)cc1Cl,train,0.12438274969830282,0.5529661016949152,True,False,0.23984299630083195
CCCCCCCCCc1ccccc1O,train,0.37420907656950414,0.5529661016949152,True,False,0.562588208370387
Clc1ccc2c(Cl)c(Cl)c(Cl)c(Cl)c2c1Cl,train,0.6781295478810805,0.5529661016949152,False,False,0.581869342160453
CCc1c(C)cccc1C,train,0.034228699011041266,0.5529661016949152,True,False,0.016184540741648656
CC1(c2ccc(Oc3ccccc3)cc2)OC(=O)N(Nc2ccccc2)C1=O,train,0.15803132156886063,0.5529661016949152,True,False,0.6327975273410429
CCCCCCC(C)(C)C,train,0.0715866484856108,0.5529661016949152,True,True,0.0
CC(C)CCCC(C)CCCC(C)CCCC(C)C,train,0.6363770561354618,0.5529661016949152,False,False,0.8499015188001442
COP(=S)(OC)SCn1nnc2ccccc2c1=O,train,0.36002619815651266,0.5529661016949152,True,False,0.3740894335933087
CCCOCCC,train,0.10542594321507905,0.5529661016949152,True,False,0.525709787185893
ClC1=C(Cl)C2(Cl)C3C(Cl)C(Cl)CC3C1(Cl)C2(Cl)Cl,train,0.1946978004884248,0.5529661016949152,True,False,1.6405075344687237
Nc1ccc2ccccc2c1,train,0.15325261727980732,0.5529661016949152,True,False,0.020738235377953718
CCCCOCCOC(=O)COc1ccc(Cl)cc1Cl,train,0.4561431281688154,0.5529661016949152,True,False,1.0654578557578938
Brc1ccccc1,train,0.26818840244887643,0.5529661016949152,True,False,0.48178941079397
ClC(Cl)C(Cl)(Cl)Cl,train,0.060546876063531985,0.5529661016949152,True,True,0.0
O=C1CCCCC1,train,0.05985057296933456,0.5529661016949152,True,True,0.0
c1cc2c(c3c1CCCC3)CCCC2,train,0.22556572795805258,0.5529661016949152,True,False,1.1976253650392181
CCc1ccc(C(=O)NN(C(=O)c2cc(C)cc(C)c2)C(C)(C)C)cc1,train,0.27262934949361295,0.5529661016949152,True,True,0.0
c1ccncc1,train,0.20835188491763948,0.5529661016949152,True,True,0.0
CCc1cc(C)ccc1C,train,0.01636786300688677,0.5529661016949152,True,False,0.008628240621853411
Cc1ccc([N+](=O)[O-])cc1,train,0.2598641883656895,0.5529661016949152,True,False,0.7801768049391042
CC(C)CCCCCCCOC(=O)c1ccccc1C(=O)OCCCCCCCC(C)C,train,0.33687469109414603,0.5529661016949152,True,False,0.4843969557034399
FC(F)(F)c1ccc(OCCCOc2c(Cl)cc(OCC=C(Cl)Cl)cc2Cl)nc1,train,0.19971977794334875,0.5529661016949152,True,False,1.315107933232377
Clc1cccc(Cl)c1,train,0.3997865385680687,0.5529661016949152,True,False,0.810185783196069
Cc1ccccc1C(=O)O,train,0.0853036232522857,0.5529661016949152,True,False,0.48920317179497963
COC,train,0.23670054225274142,0.5529661016949152,True,True,0.0
C1CCOC1,train,0.42966162094739624,0.5529661016949152,True,True,0.0
C=CC=CC,train,0.11614970442534701,0.5529661016949152,True,False,0.08332845941567846
CC(O)=Nc1ccc(O)cc1,train,0.2928882418128439,0.5529661016949152,True,False,1.032144667718598
Cc1cc([N+](=O)[O-])cc([N+](=O)[O-])c1O,train,0.18269914157299785,0.5529661016949152,True,True,0.0
Clc1c(Cl)c(Cl)c(-c2c(Cl)c(Cl)c(Cl)c(Cl)c2Cl)c(Cl)c1Cl,train,0.02050976807870055,0.5529661016949152,True,False,2.2645810214585733
Clc1cc(Cl)c(Cl)c(Cl)c1,train,0.3097967341303083,0.5529661016949152,True,False,0.6040922748389794
Nc1c(Cl)cc(Cl)cc1Cl,train,0.2551036176770597,0.5529661016949152,True,True,0.0
CC#N,train,0.7244960382242008,0.5529661016949152,False,False,0.42841216860726744
Cc1ccc2c(ccc3ccccc32)c1,train,0.22369306460891294,0.5529661016949152,True,False,0.90770232083212
CCCC(C)CCCC(C)C,train,0.052924680556432506,0.5529661016949152,True,True,0.0
CC1(C)C(=O)N(CO)C(=O)N1CO,train,0.5479037689504058,0.5529661016949152,True,False,0.4771936049015315
CCCCCCCCCCCC,train,0.07299556855807096,0.5529661016949152,True,False,0.6543084245233006
Cc1ccncc1,train,0.11840349096062226,0.5529661016949152,True,False,1.1545939445160873
CCCC(C)C(C)C,train,0.043463006498066496,0.5529661016949152,True,True,0.0
CCCCC(C)=O,train,0.21693481522472316,0.5529661016949152,True,False,0.9838155228444248
CCC1CCCCC1,train,0.012263125939902987,0.5529661016949152,True,True,0.0
Clc1ccccc1,train,0.12791581717825806,0.5529661016949152,True,False,1.2271629215193214
CC(=N)O,train,0.12447464094221902,0.5529661016949152,True,False,0.47429575768566945
Nc1ccccc1[N+](=O)[O-],train,0.074557905095918,0.5529661016949152,True,False,1.0269641431028438
CC1(C)CCCC1,train,0.02370242751836852,0.5529661016949152,True,False,0.006654597976268994
ClC(Cl)C(Cl)Cl,train,0.1564351560179217,0.5529661016949152,True,True,0.0
N=c1nc(O)c2ncn(COCCO)c2[nH]1,train,0.3667929725341818,0.5529661016949152,True,False,1.6850296657136872
CN(C)N=O,train,0.16970584996655055,0.5529661016949152,True,False,0.573882608051671
Nc1ccc(F)cc1,train,0.16621773307365784,0.5529661016949152,True,True,0.0
CCCCCCCCCCCCCC,train,0.4295094022201985,0.5529661016949152,True,False,1.3052783618098813
CC(C)=O,train,0.4685591115691655,0.5529661016949152,True,False,0.14536339507443552
CC1CCC2CC3CCCCC3CC2C1,train,0.23326306061734395,0.5529661016949152,True,False,0.29111931436280947
CCC(=O)O,train,0.6156622289191418,0.5529661016949152,False,False,0.6670644201981992
CCCCC1CCCCC1,train,0.02074999509907251,0.5529661016949152,True,True,0.0
CC(C)Cc1ccccc1,train,0.03294441656960026,0.5529661016949152,True,False,0.015169697593047093
CCN=c1nc(NC(C)(C)C)[nH]c(SC)n1,train,0.47270609757490945,0.5529661016949152,True,True,0.0
CC1CCc2ccccc21,train,0.03447445862548276,0.5529661016949152,True,False,0.046368891963067815
CNC,train,0.1218179953088325,0.5529661016949152,True,True,0.0
Cc1cccc2c1ccc1ccccc12,train,0.1488791116408992,0.5529661016949152,True,False,0.9072094599970488
CCCCCC(C)(C)CC,train,0.07265029173372432,0.5529661016949152,True,True,0.0
CCOC(=O)C(Cl)Cc1cc(-n2nc(C)n(C(F)F)c2=O)c(F)cc1Cl,train,0.5342855119273067,0.5529661016949152,True,False,1.410345158683102
CCCCCCO,train,0.22082845846532762,0.5529661016949152,True,False,0.7226119880296371
CCC(CC)Nc1c([N+](=O)[O-])cc(C)c(C)c1[N+](=O)[O-],train,0.040679696226482445,0.5529661016949152,True,False,1.238817901486634
CCCC(C)C,train,0.025259760274821078,0.5529661016949152,True,True,0.0
CCCCCCCCC=CCCCCCCCC(=O)O,train,0.7657211403356877,0.5529661016949152,False,False,2.4007320447203457
Cc1ccc(O)c(C)c1,train,0.04850871590306456,0.5529661016949152,True,False,0.34107078407069147
COP(=S)(OC)Oc1ccc(Sc2ccc(OP(=S)(OC)OC)cc2)cc1,train,0.3734039958100217,0.5529661016949152,True,False,0.5026542578452758
C=CC(=C)Cl,train,0.07621068824099193,0.5529661016949152,True,False,1.02749732602314
CCCCCCCCC,train,0.047411064948380474,0.5529661016949152,True,False,0.34244868192779443
CN=C(O)Oc1ccccc1OC(C)C,train,0.23803355515552418,0.5529661016949152,True,False,0.33989942354179803
CC(C)c1ccc2ccc(C(C)C)cc2c1,train,0.031075847531835787,0.5529661016949152,True,False,0.5261905943621594
ClC1=C(Cl)[C@]2(Cl)[C@@H]3[C@@H]4C[C@@H]([C@H]5O[C@@H]45)[C@@H]3[C@@]1(Cl)C2(Cl)Cl,train,0.14687612383507392,0.5529661016949152,True,False,1.9935506402177658
O=C(c1ccccc1)c1ccccc1,train,0.4891751133191524,0.5529661016949152,True,True,0.0
CC1CCCC(C)(C)C1,train,0.030416274845631586,0.5529661016949152,True,False,0.04379790600653555
CCCCC(CC)COP(=O)(Oc1ccccc1)Oc1ccccc1,train,0.41215148313529976,0.5529661016949152,True,False,0.2239603793597218
CC(C)N(C(=O)SCC(Cl)=C(Cl)Cl)C(C)C,train,0.04014090247760779,0.5529661016949152,True,False,0.6671443383536992
CCN=C(O)N=C(O)C(C#N)=NOC,train,0.48783589653007164,0.5529661016949152,True,False,0.36376708409738256
CCCCCCC,train,0.0235737353607951,0.5529661016949152,True,False,0.08522458173641512
CC(C)c1cc(C(C)C)cc(C(C)C)c1,train,0.08813884381105583,0.5529661016949152,True,False,0.576312385114401
CC(C)Oc1cccc(N=C(O)c2ccccc2C(F)(F)F)c1,train,0.15165163122445796,0.5529661016949152,True,False,1.386740237999206
COc1c(Cl)ccc(Cl)c1C(=O)O,train,0.0603970152252858,0.5529661016949152,True,False,0.10857534837146621
CCCCCCCC(C)C(C)C,train,0.03268363379389131,0.5529661016949152,True,False,0.014886329247925212
Cc1ccc2c(c1)CCCC2(C)C,train,0.1023193299091073,0.5529661016949152,True,False,0.1415670965229806
COCCOCCOCCO,train,0.3406076104386094,0.5529661016949152,True,False,2.38878618965204
Clc1ccc(Cl)c(Cl)c1,train,0.9978813559317647,0.5529661016949152,False,False,0.10036303402980318
CCOC(C)=O,train,0.39503463027835567,0.5529661016949152,True,False,0.1615034516749131
CCC=O,train,0.03380310990252522,0.5529661016949152,True,False,0.004256977930274797
CCCN(CCC)c1c([N+](=O)[O-])cc(C(C)C)cc1[N+](=O)[O-],train,0.03267545616640586,0.5529661016949152,True,False,0.3266461571859185
CCCCCCCO,train,0.19008378268131196,0.5529661016949152,True,False,0.9395798460189149
CCCCCOC(C)=O,train,0.4173145594850708,0.5529661016949152,True,False,1.4888470261255915
Nc1ccc(Br)cc1,train,0.2898736965526871,0.5529661016949152,True,True,0.0
COc1nn(CSP(=S)(OC)OC)c(=O)s1,train,0.015595711428316394,0.5529661016949152,True,True,0.0
CC(C)(C)O,train,0.4047023816520766,0.5529661016949152,True,True,0.0
C=Cc1ccccc1,train,0.13640721523257154,0.5529661016949152,True,False,0.11083447015995596
CC(C)N(C(=O)SCC(Cl)=CCl)C(C)C,train,0.07325714259337986,0.5529661016949152,True,False,0.6323924772181244
c1ccc2cc3ccccc3cc2c1,train,0.3519443602222228,0.5529661016949152,True,False,0.9892863310285134
O=C(Cl)c1ccccc1,train,0.12687970962130476,0.5529661016949152,True,False,0.5439125391890646
CCOP(=S)(OCC)SCSP(=S)(OCC)OCC,train,0.12374094481884389,0.5529661016949152,True,False,1.2697354257060898
CCCC(C)CC(C)(C)C,train,0.02326666650117583,0.5529661016949152,True,False,0.00937704984211174
CCCCCCCC(C)CCC,train,0.2404718633194304,0.5529661016949152,True,False,1.4602311809679651
CCCCCCCC(C)C,train,0.05129028753432136,0.5529661016949152,True,True,0.0
COC(C)=O,train,0.18643337717526617,0.5529661016949152,True,True,0.0
CCCCCC(C)C(C)C,train,0.11832278985285657,0.5529661016949152,True,True,0.0
CC(C)c1ccccc1,train,0.18578573143249455,0.5529661016949152,True,False,0.09160505148159626
CN(CCO)CCO,train,0.20386732002628247,0.5529661016949152,True,True,0.0
CCCCOC(=O)c1ccccc1C(=O)OCCCC,train,0.1619684738028119,0.5529661016949152,True,False,0.020730406092086318
Cc1ccccc1C(C)C,train,0.07317028738912024,0.5529661016949152,True,False,0.6544739527349168
CCCCCCCCO,train,0.10340868273076607,0.5529661016949152,True,False,0.4069376143353185
CCc1cc(C)cc(C)c1,train,0.09734139566101746,0.5529661016949152,True,False,0.794933168732832
COc1ccc(O)cc1,train,0.07990519779552455,0.5529661016949152,True,False,0.34832002474637996
C[C@H]1CC[C@H](C)C1,train,0.025458419801905788,0.5529661016949152,True,True,0.0
CCCc1ccccc1,train,0.09782248839992892,0.5529661016949152,True,False,0.8350657533373773
CCN(CC)C(=O)SCc1ccc(Cl)cc1,train,0.23611622926826187,0.5529661016949152,True,False,0.5080639692009985
C1=CCCCC1,train,0.14684808190324602,0.5529661016949152,True,False,0.33916345577024387
c1cc2cccc3c4cccc5cccc(c(c1)c23)c54,train,0.31401807088383193,0.5529661016949152,True,False,0.6106280367286683
C=C1C(O)=N[C@H](C)C(O)=N[C@@H](CC(C)C)C(O)=N[C@@H](C(=O)O)[C@H](C)C(O)=N[C@@H](CCCNC(=N)N)C(O)=N[C@@H](C=CC(C)=C[C@H](C)[C@H](Cc2ccccc2)OC)[C@H](C)C(O)=N[C@@H](C(=O)O)CCC(=O)N1C,train,0.07721842342493175,0.5529661016949152,True,False,0.31084052491838965
CCCCCCC(C)CCCC,train,0.11773734634806567,0.5529661016949152,True,False,0.3453543503601779
CC(C)CC1CCCCC1,train,0.06869216874159124,0.5529661016949152,True,True,0.0
CCCCCCCCCCCCCC(=O)O,train,0.44452600324491226,0.5529661016949152,True,False,1.793936118110073
CCCCCCCCCCC1CCCCC1,train,0.052023408854314314,0.5529661016949152,True,False,0.8280369530016769
CCCCCC,train,0.4030898495285557,0.5529661016949152,True,False,0.5155869002047467
CC(=O)CC(C)C,train,0.016274147399266005,0.5529661016949152,True,True,0.0
CCCCCCCCCCCC1CCCCC1,train,0.0986807043266129,0.5529661016949152,True,False,1.1842611288800144
CN(C)c1ccc(C(=C2C=CC(=[N+](C)C)C=C2)c2ccc(N(C)C)cc2)cc1.[Cl-],train,0.31488868620896143,0.5529661016949152,True,False,0.16837161218255114
C1CCC2CCCCC2C1.C1CCC2CCCCC2C1,train,0.01632743627077046,0.5529661016949152,True,False,0.9693285978100962
CN=C(O)CSP(=S)(OC)OC,train,0.09610534870641803,0.5529661016949152,True,False,1.5730641199539375
CNN,train,0.12070093147194283,0.5529661016949152,True,False,0.30649799411233336
ClC(Cl)(Cl)C(Cl)(Cl)Cl,train,0.10769180222445518,0.5529661016949152,True,False,1.0108384044280545
c1ccc2c(c1)-c1cccc3cccc-2c13,train,0.1584257161401724,0.5529661016949152,True,False,0.4389184793126093
CCC(C)CCC(C)CC,train,0.039092020824773525,0.5529661016949152,True,False,0.0014018438247387355
COC(=O)c1ccc(C(=O)OC)cc1,train,0.034502406339503695,0.5529661016949152,True,False,0.8608345053787093
Oc1ccc(Cl)cc1Cl,train,0.48861920558077687,0.5529661016949152,True,False,0.9797096124393176
C=COC(C)=O,train,0.21219741394127944,0.5529661016949152,True,False,0.7245788070975532
c1ccc2ncccc2c1,train,0.08907158850019083,0.5529661016949152,True,False,0.703745564580655
Oc1cc(Cl)c(Cl)cc1Cl,train,0.1306057375347301,0.5529661016949152,True,True,0.0
CC(Cl)(Cl)C(=O)O,train,0.033484023815691655,0.5529661016949152,True,False,0.9258583297620103
ClC1=C(Cl)[C@]2(Cl)[C@H]3[C@H]([C@@H]4C=C[C@H]3C4)[C@@]1(Cl)C2(Cl)Cl,train,0.27820941842357905,0.5529661016949152,True,False,0.9851595526220576
O=C(O)C=CC(=O)O,train,0.07364190000435837,0.5529661016949152,True,False,1.130690768248588
CCCCCCCCCCCCCCCCCC(=O)O,train,0.2468287438204288,0.5529661016949152,True,False,1.3842620484493404
ClC=CCl,train,0.12159195451136581,0.5529661016949152,True,False,0.7355379757998115
CCCC(=O)O,train,0.1782606789572504,0.5529661016949152,True,False,0.11001119920440505
ClC(Cl)=C(c1ccc(Cl)cc1)c1ccc(Cl)cc1,train,0.058336641596379996,0.5529661016949152,True,False,2.312337973195428
Clc1cc(Cl)c(Cl)c(Cl)c1Cl,train,0.4398515827068557,0.5529661016949152,True,False,1.1952193305536056
CC(C)C,train,0.030038668612739867,0.5529661016949152,True,False,0.2900661878679225
Clc1cc2c(c(Cl)c1Cl)Oc1c(Cl)c(Cl)c(Cl)c(Cl)c1O2,train,0.01740598809004649,0.5529661016949152,True,False,0.8548430043134105
CCc1ccccc1CC,train,0.08963980411965188,0.5529661016949152,True,False,0.4296127377282597
CCCC,train,0.025259760274821078,0.5529661016949152,True,False,0.24663935630270817
CCc1ccc(C)c(C)c1,train,0.015012412436629518,0.5529661016949152,True,False,0.09707372167963024
Clc1cccc(-c2ccccc2)c1,train,0.024822946482247546,0.5529661016949152,True,False,1.2456877301070226
ClC(Cl)=C(Cl)C(Cl)=C(Cl)Cl,train,0.24905352908932188,0.5529661016949152,True,False,0.8220032700909266
CON(C)C(O)=Nc1ccc(Cl)c(Cl)c1,train,0.21856339605091954,0.5529661016949152,True,True,0.0
CCCCCCCCc1ccccc1,train,0.3584299286475196,0.5529661016949152,True,False,0.06533124098203213
CCCCc1ccc2cc(C)c(C)cc2c1,train,0.038346247001971104,0.5529661016949152,True,False,0.6093321822748001
ClC1C(Cl)C(Cl)C(Cl)C(Cl)C1Cl,train,0.14799290719824346,0.5529661016949152,True,False,0.6106463459977696
CCCCN,train,0.5174879324235212,0.5529661016949152,True,True,0.0
CN=C(O)Oc1ccc(N(C)C)c(C)c1,train,0.5313640032729108,0.5529661016949152,True,False,0.2769528925479011
ClC(Cl)(Cl)Cl,train,0.20838563264713209,0.5529661016949152,True,False,0.010911846689692473
COc1ccc2c(c1)c(CC(=O)O)c(C)n2C(=O)c1ccc(Cl)cc1,train,0.07570081642452962,0.5529661016949152,True,False,0.8169090245966069
Cc1ccc(-c2ccccc2)cc1,train,0.08645324949041779,0.5529661016949152,True,False,1.0501051238226426
ClC(Cl)=C(c1ccc(Cl)cc1)c1ccccc1Cl,train,0.019712089364184702,0.5529661016949152,True,False,2.3207125680466194
CCCCC(CC)C(C)C,train,0.043303955041707524,0.5529661016949152,True,False,0.4712260028013807
Cc1cc(C)cc(C(C)C)c1,train,0.22290835414638546,0.5529661016949152,True,False,0.44899772574511854
Clc1ccc(Oc2ccccc2)cc1,train,0.03454705404133658,0.5529661016949152,True,False,0.30429443528782296
CCCCCCCCOC(=O)CCCCC(=O)OCCCCCCCC,train,0.1393515837202514,0.5529661016949152,True,True,0.0
Clc1cccc(-c2c(Cl)c(Cl)c(Cl)c(Cl)c2Cl)c1Cl,train,0.03402860328763,0.5529661016949152,True,False,2.1710657017916755
c1ccc2c(c1)oc1ccccc12,train,0.12379947313043752,0.5529661016949152,True,True,0.0
Cc1ccc2ccc3ccccc3c2c1,train,0.03531709037973595,0.5529661016949152,True,False,0.05340284176819676
c1ccc(C2CO2)cc1,train,0.0445575562930408,0.5529661016949152,True,True,0.0
c1ccc2c(c1)ccc1ccccc12,train,0.16116105663218422,0.5529661016949152,True,False,0.3903330187210634
CCc1cccc(CC)c1N(COC)C(=O)CCl,train,0.38397058951137353,0.5529661016949152,True,False,1.4105797357047773
C=C1C(CCl)(CCl)C2(Cl)C(Cl)C(Cl)C1(Cl)C2(Cl)Cl,train,0.057731435672485905,0.5529661016949152,True,False,2.241690691171477
CC1CCCC1,train,0.015488715597101573,0.5529661016949152,True,False,0.4135394654171973
CCOC(=O)c1ccc(O)cc1,train,0.018367412991040166,0.5529661016949152,True,True,0.0
OC(Cc1ccccc1Cl)(Cn1[nH]cnc1=S)C1(Cl)CC1,train,0.23649251944639124,0.5529661016949152,True,False,1.2498832456238722
CCC(C)(C)C,train,0.19748807558764173,0.5529661016949152,True,False,0.6118139414820178
CCc1ccc(C)cc1,train,0.023114363512351584,0.5529661016949152,True,True,0.0
Cc1ccccc1C.Cc1ccccc1C,train,0.03774304205454212,0.5529661016949152,True,False,0.1750428245171316
CN(C)c1ccccc1,train,0.05558964645496701,0.5529661016949152,True,True,0.0
C=CC=O,train,0.45250609242180617,0.5529661016949152,True,False,0.2799929762221939
CCCCCCCCCCCCCCCCCCC,train,0.057438955851925766,0.5529661016949152,True,False,0.17394024249970785
O=C1OC(=O)c2ccccc21,train,0.19954739647467368,0.5529661016949152,True,False,0.19452319115695427
CC(=O)O,train,0.24412822775120951,0.5529661016949152,True,False,0.08076636427709816
c1ccc(Oc2ccccc2)cc1,train,0.2614853105636342,0.5529661016949152,True,True,0.0
CC1CCCC2C1CC1CCCCC12,train,0.12199831039738275,0.5529661016949152,True,True,0.0
COc1cc(OC)nc(N=C(O)NS(=O)(=O)Nc2ccccc2C(=O)N(C)C)n1,train,0.24051915438088442,0.5529661016949152,True,False,0.15606545010581008
C=CC#N,train,0.2016442240589602,0.5529661016949152,True,True,0.0
CCCCCC=CCC=CCCCCCCCC(=O)O,train,0.1128360715086296,0.5529661016949152,True,False,0.5280340274695641
Ic1ccccc1,train,0.14247333778661364,0.5529661016949152,True,False,0.8918239436276951
c1ccc2c(c1)CCCC2.c1ccc2c(c1)CCCC2,train,0.04333005156463176,0.5529661016949152,True,False,0.083193897197401
CCCCCCCCCCCCCCc1ccccc1,train,0.34305428770739405,0.5529661016949152,True,False,0.36614586291130724
C=CCCCCCC,train,0.09765204341105313,0.5529661016949152,True,False,0.3228132753966195
CCC(C)=O,train,0.05346649684365477,0.5529661016949152,True,False,0.05316548014635769
O=CO,train,0.10632161263486535,0.5529661016949152,True,True,0.0
CCCCC(C)C(C)C,train,0.022114685928625498,0.5529661016949152,True,False,0.057768041360928724
CC(C)C(C(=O)OC(C#N)c1cccc(Oc2ccccc2)c1)c1ccc(Cl)cc1,train,0.08045010878443465,0.5529661016949152,True,False,0.6506093263217025
COc1cc(OC)nc(N=C(O)NS(=O)(=O)c2cc(N=CO)ccc2C(=O)N(C)C)n1,train,0.19036195251668075,0.5529661016949152,True,False,1.3019130192570463
CCCCc1ccccc1,train,0.0729483881347319,0.5529661016949152,True,False,0.4551589416853692
Nc1ccc(-c2ccc(N)cc2)cc1,train,0.4343609158433491,0.5529661016949152,True,False,0.11047944620537442
c1ccc(Nc2ccccc2)cc1,train,0.0719267453383082,0.5529661016949152,True,False,0.8032954830774213
c1cc2ccc3cccc4ccc(c1)c2c34,train,0.3364945356066406,0.5529661016949152,True,False,1.4357148537431863
CCOCC,train,0.09220663754103911,0.5529661016949152,True,False,0.6321941082456162
CC1CC2C(C)CCC(C)C2CC1C,train,0.10279177995405273,0.5529661016949152,True,False,0.20984496632783312
CCC(C)CC(C)CC,train,0.04067571240432382,0.5529661016949152,True,False,0.028782615533205602
CCCC(C)(C)C,train,0.023815861227760988,0.5529661016949152,True,True,0.0
CCCCCC(C)=O,train,0.09984695961396584,0.5529661016949152,True,False,0.4117704594321381
CCCCCCCCCCCCCCCC,train,0.2859620022023197,0.5529661016949152,True,False,0.7641921965074865
c1ccc2c(c1)-c1cccc3c1C2CCC3,train,0.04252996364738142,0.5529661016949152,True,True,0.0
Cc1ccc(-c2ccccc2Cl)c(Cl)c1,train,0.037095486148767516,0.5529661016949152,True,False,1.2082993283978327
c1ccc2sccc2c1,train,0.2618400131744344,0.5529661016949152,True,False,0.4276650537292115
CCCCCCCCCC(C)C,train,0.124284336372091,0.5529661016949152,True,False,1.1489599294910633
CC1(C)N=C(O)N=C1O,train,0.3008493525198081,0.5529661016949152,True,False,1.1337813398821013
CCCCCCCCCCCCc1ccccc1,train,0.4094190710020806,0.5529661016949152,True,False,0.3643422878455935
Cc1cccc2c1CCC2,train,0.06426689581498067,0.5529661016949152,True,True,0.0
CC1(C)CCCCC1,train,0.08356285908754825,0.5529661016949152,True,True,0.0
CCC(C)C,train,0.025175679019219733,0.5529661016949152,True,False,0.3312764124622276
Cc1cc(Cl)ccc1OC(C)C(=O)O,train,0.04929275831652223,0.5529661016949152,True,True,0.0
CC(C)(c1ccc(O)cc1)c1ccc(O)cc1,train,0.9978813559318075,0.5529661016949152,False,False,0.9279345173941875
Cn1sc(Cl)cc1=O,train,0.3843888079592445,0.5529661016949152,True,True,0.0
O=[N+]([O-])c1c(Cl)c(Cl)c(Cl)c(Cl)c1Cl,train,0.3021579570100533,0.5529661016949152,True,False,1.04327976726064
N=C(O)N1c2ccccc2C=Cc2ccccc21,train,0.42912082749755476,0.5529661016949152,True,True,0.0
O=C(O)COc1ccc(Cl)cc1Cl,train,0.12156382480737875,0.5529661016949152,True,False,0.9789088068734697
O=[N+]([O-])OCCOCCO[N+](=O)[O-],train,0.5144398021262617,0.5529661016949152,True,True,0.0
CCCCO,train,0.21213525373617248,0.5529661016949152,True,False,0.015607693648951815
Cc1cc(C)nc(NS(=O)(=O)c2ccc(N)cc2)n1,train,0.4007276202804246,0.5529661016949152,True,True,0.0
Cc1cccc(C)c1,train,0.05194032352815398,0.5529661016949152,True,False,0.27257243777490314
Oc1ccc(Cl)cc1Cc1ccccc1,train,0.08202573153607631,0.5529661016949152,True,False,0.7753184496641683
CCCCCCCCCCCCCCO,train,0.07131648527247154,0.5529661016949152,True,False,0.14473953543555962
CCCCCCCCn1sc(Cl)c(Cl)c1=O,train,0.207978186034799,0.5529661016949152,True,False,0.639211059261805
Oc1cc(Cl)cc(Cl)c1,train,0.0933168319816812,0.5529661016949152,True,False,0.04847133518828106
CCCCCCCCCCCCCCCc1ccccc1,train,0.9978813559322034,0.5529661016949152,False,False,0.6851468675084649
CCl,train,0.29513321053285346,0.5529661016949152,True,True,0.0
CC(C)O,train,0.18095639214233647,0.5529661016949152,True,False,0.18511294439717674
c1ccc2c(c1)CCCC2,train,0.050786798257048724,0.5529661016949152,True,False,0.03368170675695059
CCCC(C)CCC(C)C,train,0.2180887790036519,0.5529661016949152,True,False,0.0013714132697859593
CCCC1CCCC2CCCCC12,train,0.12158952635585682,0.5529661016949152,True,True,0.0
c1ccc2cc3c(ccc4ccccc43)cc2c1,train,0.14418756790253734,0.5529661016949152,True,False,1.0108454192780618
Cc1ccc2ccccc2c1,train,0.11525871503459349,0.5529661016949152,True,False,1.1863426554456342
COC[C@H](C)N(C(=O)CCl)c1c(C)csc1C,train,0.4788234330019303,0.5529661016949152,True,True,0.0
O=C(O)c1ccccc1O,train,0.09471437644135224,0.5529661016949152,True,False,0.7304170696838899
Clc1ccc(Cl)c(-c2cc(Cl)c(Cl)cc2Cl)c1,train,0.0832835957636221,0.5529661016949152,True,False,1.7499461972985895
CCCc1cccc(C)c1,train,0.011702432776394262,0.5529661016949152,True,False,0.013827358287812452
OCCN(CCO)CCO,train,0.17695749509028072,0.5529661016949152,True,False,2.1164063637351958
CCCCCC(=O)O,train,0.041592883872838694,0.5529661016949152,True,False,0.0353045160551102
C1CCCC1,train,0.19226330737097203,0.5529661016949152,True,False,0.016122606609531243
CC(C)CCCCC(C)C,train,0.011994618040552584,0.5529661016949152,True,True,0.0
c1ccc2c(c1)ccc1cc3c(ccc4ccccc43)cc12,train,0.42779340261737614,0.5529661016949152,True,False,1.1005711012589494
O=[N+]([O-])c1cccc([N+](=O)[O-])c1,train,0.11490360534268271,0.5529661016949152,True,False,1.019321734898754
Cc1ccc(C)c(C)c1C,train,0.07533587899716866,0.5529661016949152,True,False,0.14538459320021924
COC(=O)c1c(Cl)c(Cl)c(C(=O)OC)c(Cl)c1Cl,train,0.15806174402944387,0.5529661016949152,True,False,0.8692283930526425
Cc1cccc(C)c1C,train,0.2065368829455922,0.5529661016949152,True,True,0.0
CCCCCC(C)CC,train,0.030441537118155667,0.5529661016949152,True,False,0.07077701271367254
CC(C)(O)C#N,train,0.2638105708063383,0.5529661016949152,True,False,0.6675912546867537
Cc1ccc(N)cc1Cl,train,0.1756304723404254,0.5529661016949152,True,False,0.19439927783145766
CCON=C(CC)C1=C(O)CC(c2c(C)cc(C)cc2C)CC1=O,train,0.23861179308097816,0.5529661016949152,True,False,1.1006961582005115
CC1=CC(=O)CC(C)(C)C1,train,0.015607175689722185,0.5529661016949152,True,False,0.3583924906957313
Oc1ccc(Cl)c(Cl)c1,train,0.10076522781978835,0.5529661016949152,True,False,0.002538493757063609
CCCc1ccc(C)cc1,train,0.01523823398803868,0.5529661016949152,True,True,0.0
CN=C(O)Oc1cccc2ccccc12,train,0.11009281716513167,0.5529661016949152,True,False,0.11090290799558478
CCC(C)CC(C)C,train,0.023433212823317066,0.5529661016949152,True,True,0.0
CCCC=O,train,0.5697159073842786,0.5529661016949152,False,False,0.9788815592732432
Nc1ccccc1Cl,train,0.2283867027306039,0.5529661016949152,True,False,0.13352137481498572
C1=CCC=CC1,train,0.25237247222813547,0.5529661016949152,True,True,0.0
C1=CCCC1,train,0.3024059429636062,0.5529661016949152,True,True,0.0
C[C@@H]1CCCC[C@@H]1C,train,0.055178622742374325,0.5529661016949152,True,True,0.0
Cc1cccc(O)c1,train,0.016731154359839406,0.5529661016949152,True,False,0.8506725819149294
CCCCOCN(C(=O)CCl)c1c(CC)cccc1CC,train,0.5215267977056289,0.5529661016949152,True,False,0.3941648923934153
CCCC(C)CC,train,0.0204835680594962,0.5529661016949152,True,True,0.0
CC(C)Cc1ccc(C(C)C(=O)O)cc1,train,0.12449165914739704,0.5529661016949152,True,False,0.6999572887630554
Cc1c2ccccc2cc2ccccc12,train,0.2506828262946021,0.5529661016949152,True,False,0.5555497639881914
CCCCC(C)CCCC,train,0.038662601079650874,0.5529661016949152,True,False,0.04184087251685842
Cn1c(=O)c2c(ncn2C)n(C)c1=O,train,0.6059763124370537,0.5529661016949152,False,False,0.8023754157944643
CCCCCCCCCCCO,train,0.08163762671937064,0.5529661016949152,True,True,0.0
CCCCCCCCCCCCCCC,train,0.673541869193973,0.5529661016949152,False,False,1.6971613488777402
O=[N+]([O-])c1ccc(O)cc1C(F)(F)F,train,0.17426870228750815,0.5529661016949152,True,False,0.449517647043572
CC(C)CC(C)(C)C,train,0.01765239101010808,0.5529661016949152,True,True,0.0
CCCCOC(C)=O,train,0.1314104857784456,0.5529661016949152,True,True,0.0
O=S1(=O)CCCC1,train,0.23676697149996706,0.5529661016949152,True,False,1.2566919352657726
c1ccc2c(c1)cc1ccc3cccc4ccc2c1c34,train,0.15147639827494716,0.5529661016949152,True,False,0.17726584431392034
CC1(C)[C@H](C(=O)O[C@H](C#N)c2cccc(Oc3ccccc3)c2)[C@@H]1C=C(Cl)Cl,train,0.45054647734915293,0.5529661016949152,True,False,0.6238425281188542
Oc1ccccc1,train,0.20771590437127357,0.5529661016949152,True,True,0.0
ClCC(Cl)CCl,train,0.07840421266747957,0.5529661016949152,True,False,1.0058684544180718
ClCCl,train,0.16407233787618913,0.5529661016949152,True,False,0.8548053321269806
Clc1cc(Cl)c(-c2cc(Cl)c(Cl)c(Cl)c2Cl)cc1Cl,train,0.06301014010874434,0.5529661016949152,True,False,2.180637231664265
Clc1ccc2c(c1)Oc1c(Cl)c(Cl)c(Cl)c(Cl)c1O2,train,0.022478794655247453,0.5529661016949152,True,False,0.31755454712762266
Cc1ccc2ccc3cccc4ccc1c2c34,train,0.09054026759739263,0.5529661016949152,True,True,0.0
O=NN(c1ccccc1)c1ccccc1,train,0.2317038216835618,0.5529661016949152,True,False,0.3840383029086942
CC1(C)C(C(=O)OC(C#N)c2cccc(Oc3ccccc3)c2)C1C(Br)C(Br)(Br)Br,train,0.1418208728288529,0.5529661016949152,True,True,0.0
Cc1c(C(O)=NCCO)[n+](=O)c2ccccc2n1[O-],train,0.34615050757745225,0.5529661016949152,True,True,0.0
C[C@@H]1C[C@H](C)CC(C)(C)C1,train,0.04027058169380171,0.5529661016949152,True,True,0.0
CN(C)C(O)=Nc1ccc(Cl)c(Cl)c1,train,0.313154825146555,0.5529661016949152,True,True,0.0
CC(C)C(C)(C)C,train,0.06160007981039302,0.5529661016949152,True,True,0.0
CCOP(=S)(OCC)SCCSCC,train,0.5242351715770911,0.5529661016949152,True,False,0.6184379915620095
Cc1cccc2c1CCCC2,train,0.033059092874464235,0.5529661016949152,True,True,0.0
NCCO,train,0.08510061434781299,0.5529661016949152,True,False,1.8036785117826806
C=C(Cl)Cl,train,0.1348669767839055,0.5529661016949152,True,False,0.39721055821407836
CC(C)CC1CC(C)CCC1C,train,0.2636478995016004,0.5529661016949152,True,False,0.29962530938604814
CCCCCCC(C)CCC,train,0.03371666636547849,0.5529661016949152,True,False,0.49028904784743726
CCCCOP(=O)(OCCCC)Oc1ccccc1,train,0.23538145087364534,0.5529661016949152,True,True,0.0
COP(=O)(OC)C(O)C(Cl)(Cl)Cl,train,0.16452442174785872,0.5529661016949152,True,True,0.0
Nc1ccc(Sc2ccc(N)cc2)cc1,train,0.3355777750423911,0.5529661016949152,True,False,0.8851317977094046
CCCC1CCCCC1,train,0.0348856770890862,0.5529661016949152,True,True,0.0
COC(C)(C)C,train,0.13112852265198768,0.5529661016949152,True,False,1.4987877649330446
Clc1cc(Cl)c2c(c1Cl)Oc1ccccc1O2,train,0.023173526460473524,0.5529661016949152,True,True,0.0
O=C(O)c1ccccc1Cl,train,0.0909257413036227,0.5529661016949152,True,False,0.2293070115046717
CC(=NNC(O)=Nc1cc(F)cc(F)c1)c1ncccc1C(=O)O,train,0.13148871977933174,0.5529661016949152,True,False,0.2479575623615452
CCCOC(C)=O,train,0.08215009751817225,0.5529661016949152,True,False,0.48764904459424696
CC1CCc2ccccc2C1,train,0.1423633406152605,0.5529661016949152,True,False,1.0231373456577488
c1ccoc1,train,0.3575130714098252,0.5529661016949152,True,False,0.12148949657707075
CCCO,train,0.19724967830380236,0.5529661016949152,True,True,0.0
CCCCCCCCCCCCCO,train,0.06860883809464924,0.5529661016949152,True,False,0.1988829791667457
ClCCCl,train,0.13053832713835523,0.5529661016949152,True,False,1.0106163891471045
Nc1cccc2ccccc12,train,0.09182151256160069,0.5529661016949152,True,False,0.41600149350515103
Cc1ccccc1[N+](=O)[O-],train,0.16351925434586748,0.5529661016949152,True,False,0.259514583268213
CCCCCCCCCCCCCCCC(=O)O,train,0.3021450271335914,0.5529661016949152,True,True,0.0
CC(C)c1ccc2c(c1)CCC1C(C)CCCC21C,train,0.0692444590663716,0.5529661016949152,True,False,0.026709199444705733
CCCCCC(C)C,train,0.014474189838594278,0.5529661016949152,True,True,0.0
CCCCCCCCCCCCCCCCC,train,0.06308475297180716,0.5529661016949152,True,False,0.45387873521963407
CCCCC(CC)CC,train,0.03503277144565755,0.5529661016949152,True,True,0.0
CCCCCO,train,0.29656657152622384,0.5529661016949152,True,True,0.0
Cc1ccc2c(c1)CCCC2,train,0.030844598230290513,0.5529661016949152,True,True,0.0
CCCCCC(C)CCCC,train,0.12845674845955254,0.5529661016949152,True,False,0.8290928275124936
CCCSP(=S)(OCC)Oc1ccc(SC)cc1,train,0.10361189797217667,0.5529661016949152,True,False,0.9651214569706905
CCC(C)(C)CC,train,0.04566390978034368,0.5529661016949152,True,True,0.0
CC(C)CCC(C)(C)C,train,0.05617292117029978,0.5529661016949152,True,True,0.0
O=S(=O)(O)c1ccccc1,train,0.3358522530077812,0.5529661016949152,True,False,0.2794287824531654
CC(C)CC(C)C,train,0.05282757926895873,0.5529661016949152,True,True,0.0
CCCCCCCC(C)CC,train,0.0187148683996095,0.5529661016949152,True,True,0.0
ClC(Cl)Br,train,0.18180720841627088,0.5529661016949152,True,False,0.2888904495862542
CC(C)(C)C1=CC(=O)C=C(C(C)(C)C)C1=O,train,0.20999078228029475,0.5529661016949152,True,False,0.593271805952446
C=CC=C,train,0.41351013222384864,0.5529661016949152,True,True,0.0
Clc1ccc(-c2ccc(Cl)cc2Cl)cc1,train,0.07990768383476188,0.5529661016949152,True,False,1.267525324007434
CCCCCCCCn1sccc1=O,train,0.5683785335309967,0.5529661016949152,False,False,0.49893742474090175
COc1ccccc1O,train,0.11171159286543164,0.5529661016949152,True,True,0.0
CCOP(=S)(Oc1cnc(C(C)(C)C)nc1)OC(C)C,train,0.4610423679964234,0.5529661016949152,True,True,0.0
COC(=O)c1ccccc1C(=O)OC,train,0.10608455173430975,0.5529661016949152,True,False,0.1750683422967958
C=CCC=C,train,0.1167675176643096,0.5529661016949152,True,False,2.0062822684286523
CCC(C)C(C)(C)C,train,0.02181703321735375,0.5529661016949152,True,True,0.0
CCOC=O,train,0.5306291655297811,0.5529661016949152,True,False,0.8892048842756566
O=C(O)Cc1ccccc1,train,0.02576446282501781,0.5529661016949152,True,False,0.3359152592569721
CC(C)CCO,train,0.027967636897890752,0.5529661016949152,True,False,0.10969402449959165
CCCCCCCCCCCCCCCCCC[N+](C)(C)CCCCCCCCCCCCCCCCCC.[Cl-],train,0.7525449035422511,0.5529661016949152,False,False,0.26401085451928674
Cc1ccc([N+](=O)[O-])cc1[N+](=O)[O-],train,0.3146992500456241,0.5529661016949152,True,False,0.22763586745732833
COCCOCCO,train,0.2652359764806369,0.5529661016949152,True,True,0.0
Clc1cc(Cl)c(Cl)c(-c2c(Cl)c(Cl)c(Cl)c(Cl)c2Cl)c1Cl,train,0.0698412781454162,0.5529661016949152,True,False,2.208451314035282
CC1CCCCC1,train,0.2320443762752211,0.5529661016949152,True,False,0.0162284864157467
CCCCCCCCCCCc1ccccc1,train,0.1994819687126417,0.5529661016949152,True,False,1.5080777448251512
CCC(C)CC,train,0.17014015000821495,0.5529661016949152,True,True,0.0
C=O,train,0.33066042782435795,0.5529661016949152,True,False,1.3684360408042935
CC(C)C1CCC2CCC(C(C)C)CC2C1,train,0.2638376634086698,0.5529661016949152,True,False,0.7569965713472997
CCCCCCCCCc1ccc(O)c(CCCCCCCCC)c1,train,0.44606592542277,0.5529661016949152,True,False,0.9291404520952952
CN=C(NCc1cnc(Cl)s1)N[N+](=O)[O-],train,0.24360878929151952,0.5529661016949152,True,False,0.4174596242150329
CCCCCCCCCCCCCCCCCCCCCC(=O)O,train,0.40396425990265555,0.5529661016949152,True,False,0.28511517227811034
c1ccc2c(c1)Cc1ccccc1-2,train,0.03611964175261083,0.5529661016949152,True,False,0.38744198337021374
COc1c(O)c(Cl)c(Cl)c(Cl)c1Cl,train,0.017601554054753103,0.5529661016949152,True,True,0.0
CCCCCCCCCOC(=O)c1ccccc1C(=O)OCCCCCCCCC,train,0.30553001570449667,0.5529661016949152,True,False,0.23671190331685898
C[C@H]1CCC[C@H](C)C1,test,0.05600624967885129,0.5529661016949152,True,True,0.0
c1ccccc1,test,0.1616117976831878,0.5529661016949152,True,False,0.156914310357247
CCc1ccc(C)cc1C,test,0.04798848531702366,0.5529661016949152,True,False,0.42192038384190655
O=P(Oc1ccccc1)(Oc1ccccc1)Oc1ccccc1,test,0.6902112394648092,0.5529661016949152,False,False,0.9378502086317047
CCc1ccc(CC)cc1,test,0.01569165403978753,0.5529661016949152,True,True,0.0
CC(C)CCCC(C)C,test,0.056313778222796956,0.5529661016949152,True,True,0.0
CCC(C)CCCC(C)CCCC(C)C,test,0.08659789639551603,0.5529661016949152,True,False,0.4691690114400202
CN1C(=O)CN=C(c2ccccc2)c2cc(Cl)ccc21,test,6.35857628085527,0.5529661016949152,False,False,1.28164501364924
Cc1ccc2c(c1)CCC2,test,0.06414068772580585,0.5529661016949152,True,False,0.062414180843388345
COC(=O)c1ccc(O)cc1,test,0.8865266682916132,0.5529661016949152,False,False,1.1440428369618338
CCCCOC(=O)c1ccccc1C(=O)OCc1ccccc1,test,0.17378178812011083,0.5529661016949152,True,True,0.0
Oc1cccc(Cl)c1,test,0.15547112502344726,0.5529661016949152,True,False,0.5664840459674589
CC(=O)C1=CCC[C@@H]2CC[C@H]1N2,test,0.3261238677222391,0.5529661016949152,True,True,0.0
O=C(N=C(O)c1c(F)cccc1F)Nc1ccc(Cl)cc1,test,0.4138913448614213,0.5529661016949152,True,False,0.31764108442567907
CCCCOC=O,test,0.35827973561998583,0.5529661016949152,True,False,0.6889204284264807
CCCCCCCCCCc1ccccc1,test,0.45666480449759705,0.5529661016949152,True,True,0.0
C=C=CC,test,0.15102262941183953,0.5529661016949152,True,True,0.0
C[C@@H]1CCC[C@H]1C,test,0.3357810389192492,0.5529661016949152,True,True,0.0
COC(=O)c1ccccc1S(=O)(=O)NC(O)=Nc1nc(C)cc(C)n1,test,0.896246927438158,0.5529661016949152,False,False,0.5209575938661586
CC(CC(C)(C)C)CC(C)(C)CC(C)(C)C,test,0.11083617544314572,0.5529661016949152,True,False,0.13242149433966177
CC(C)CCCCCCCOP(=O)(Oc1ccccc1)Oc1ccccc1,test,1.5904229611956886,0.5529661016949152,False,False,0.499579755429838
CCCCCCCCCCCCCCCCCCCC,test,0.26844778147636955,0.5529661016949152,True,False,0.5748283812408261
CSC(=O)c1cccc2nnsc12,test,0.35440931777744705,0.5529661016949152,True,False,0.68441839982444
c1ccc2c(c1)Cc1cc3ccccc3cc1-2,test,0.08294253876562123,0.5529661016949152,True,False,1.1138817866655772
CCC1CCCC1,test,0.035465497233258654,0.5529661016949152,True,True,0.0
CC,test,0.6378629246157809,0.5529661016949152,False,False,0.15964981867642836
CCCCCCCCCCC,test,3.3975678397130826,0.5529661016949152,False,False,0.9404186234445482
CCCCCC(C)CCCC(C)C,test,0.23382983686613723,0.5529661016949152,True,False,0.8812262328964406
CCCCCc1ccc(-c2ccccc2)cc1,test,0.07585434811194548,0.5529661016949152,True,False,1.0685315543959721
CCOP(=S)(OCC)Oc1cc(C)nc(C(C)C)n1,test,0.7352071509154753,0.5529661016949152,False,True,0.0
CN=C(O)CSP(=O)(OC)OC,test,0.9948111868719904,0.5529661016949152,False,False,0.6164043434457589
C=C(C)C(=O)OC,test,0.20149672390680157,0.5529661016949152,True,False,0.0835202458532659
CC(C)CO,test,0.1553655046896441,0.5529661016949152,True,True,0.0
Cc1ccccc1N,test,0.17141086564086483,0.5529661016949152,True,False,0.06663972658093908
CCOP(=S)(NC(C)C)Oc1ccccc1C(=O)OC(C)C,test,0.47425251337993757,0.5529661016949152,True,False,0.29946000553181973
Cc1ccccc1,test,2.671537423132265,0.5529661016949152,False,False,0.0005006441157575647
Clc1c(Cl)c(Cl)c2c(oc3c(Cl)c(Cl)c(Cl)c(Cl)c32)c1Cl,test,0.04307096982803754,0.5529661016949152,True,False,1.3637109972203336
c1cc2c3c(ccc4c3c1CCC4)CCC2,test,0.034530457994612664,0.5529661016949152,True,False,0.957399439195495
CCC#N,test,0.020324702785861147,0.5529661016949152,True,False,0.22141469195859964
C=CCO,test,0.08087367117579047,0.5529661016949152,True,False,0.3831546689705039
CCCCCCCC,test,0.6265820437939419,0.5529661016949152,False,False,0.8700701076800075
CC(C)CC(C)O,test,0.9388944450850216,0.5529661016949152,False,False,0.9120859428172139
CCOCCOCCO,test,0.6285556614609957,0.5529661016949152,False,False,2.350148790319105
Cc1cccnc1,test,0.056259635316759884,0.5529661016949152,True,False,0.6212330742427681
C=CCC(=O)O,test,0.5445344410937735,0.5529661016949152,True,False,1.3652830951741228
CCCCCCCCCCCCCCCC[N+](C)(C)C.[Cl-],test,0.07580244318309094,0.5529661016949152,True,True,0.0
CCC(C)C(C)C,test,0.02737980604442461,0.5529661016949152,True,True,0.0
CCc1cccc(C)c1,test,0.026836718243315474,0.5529661016949152,True,False,0.03062654307705348
c1ccc2c(c1)sc1ccccc12,test,0.24386326537535966,0.5529661016949152,True,False,1.1838806777183741
C1CCCCC1,test,0.49401402984695,0.5529661016949152,True,False,0.03965719571005222
CC1CN1,test,0.5986492944341668,0.5529661016949152,False,False,0.7674145071575491
Cc1ccccc1C,test,0.1165433401446672,0.5529661016949152,True,False,0.7876775572903858
CCCCCCCCCO,test,0.12195901858797871,0.5529661016949152,True,False,0.24559640632694751
O=C(O)CCl,test,0.0879728412597456,0.5529661016949152,True,False,0.263205302350507
CCCCC(C)C,test,0.035808121927121815,0.5529661016949152,True,True,0.0
CCCC1COC(Cn2cncn2)(c2ccc(Cl)cc2Cl)O1,test,0.8405828325162384,0.5529661016949152,False,False,0.5897483053525967
CCC[C@@H]1C[C@@H](C(O)=N[C@@H]([C@H]2O[C@H](SC)[C@H](O)[C@@H](O)[C@H]2O)[C@@H](C)O)N(C)C1,test,0.022655978681013333,0.5529661016949152,True,True,0.0
Clc1cc2oc3cc(Cl)c(Cl)cc3c2cc1Cl,test,0.028914611338514227,0.5529661016949152,True,False,0.3454544379310691
CCCCCCCCC=CCCCCCCCC(=O)OCC(COC(=O)CCCCCCCC=CCCCCCCCC)OC(=O)CCCCCCCC=CCCCCCCCC,test,0.061083658846175864,0.5529661016949152,True,False,0.2153513232008133
Oc1cccc(Br)c1,test,0.09775340483385093,0.5529661016949152,True,False,1.2251019364507525
CCCCCCC1CCCCC1,test,0.09705845789034165,0.5529661016949152,True,False,0.14213966739407546
CC(C)C(C)C(C)C,test,0.36945752422850314,0.5529661016949152,True,False,0.44788892078041
C=CCCC,test,0.4067753684752627,0.5529661016949152,True,True,0.0
Nc1ccc([N+](=O)[O-])cc1,test,0.31059685653645974,0.5529661016949152,True,False,0.4109771712386769
CCCCCCCCCCCCC,test,0.03292480523727333,0.5529661016949152,True,False,0.002886468289955424
CCOC(=O)c1ccccc1C(=O)OCC,test,0.047753407553322566,0.5529661016949152,True,True,0.0
CCOP(=S)(OCC)SCn1nnc2ccccc2c1=O,test,0.6183804316882099,0.5529661016949152,False,False,0.6022805534871947
Fc1ccccc1,test,0.18075150079325503,0.5529661016949152,True,False,1.5421381893376884
CC(C)(C)CCC(C)(C)C,test,0.015987240097167368,0.5529661016949152,True,True,0.0
c1ccc2c(c1)ccc1c3ccccc3ccc21,test,0.49472661089705344,0.5529661016949152,True,True,0.0
CNc1cnn(-c2cccc(C(F)(F)F)c2)c(=O)c1Cl,test,0.1561128309971595,0.5529661016949152,True,False,1.7366547921562534
Oc1ccccc1Cl,test,0.4566973109726251,0.5529661016949152,True,True,0.0
FC(Cl)Cl,test,0.12086738178208303,0.5529661016949152,True,False,0.37856278987817815
Clc1c(Cl)c(Cl)c(Cl)c(Cl)c1Cl,test,0.11263248811929247,0.5529661016949152,True,False,1.6053569758797768
Clc1ccccc1C(c1ccccc1Cl)C(Cl)(Cl)Cl,test,0.2641536555258637,0.5529661016949152,True,False,0.6491066936602812
C1CCC2C(C1)CCC1CCCCC12,test,0.21318812356552688,0.5529661016949152,True,True,0.0
CCCC(CC)CC,test,0.03473567242870138,0.5529661016949152,True,True,0.0
CC(C)OC(O)=Nc1cccc(Cl)c1,test,0.5504039494862316,0.5529661016949152,True,False,1.803656200742643
CN=C(O)ON=CC(C)(C)SC,test,0.29049717632769256,0.5529661016949152,True,False,0.37601106216336744
Cc1cc2ccccc2c2ccccc12,test,0.22750308967868899,0.5529661016949152,True,False,0.7662408504501002
c1ccc(-c2ccccc2)cc1,test,0.15498494695313997,0.5529661016949152,True,False,0.009216203016377378
CCCCC(CC)COC(=O)CCCCC(=O)OCC(CC)CCCC,test,4.960310577921312,0.5529661016949152,False,False,0.8768933157417653
c1ccc2c(c1)CCC2,test,0.3816749611460234,0.5529661016949152,True,False,0.16483138148325116
C=CCOC(C)=O,test,0.22939904914280176,0.5529661016949152,True,False,2.367929158576902
Cc1ccccc1OP(=O)(Oc1ccccc1C)Oc1ccccc1C,test,0.064245656839071,0.5529661016949152,True,False,0.20677762085338003
CCCCCCCCC1CCCCC1,test,0.15254495063791917,0.5529661016949152,True,False,0.4740902413247954
CCOc1cc(Oc2ccc(C(F)(F)F)cc2Cl)ccc1[N+](=O)[O-],test,1.658183935859401,0.5529661016949152,False,True,0.0
ClCBr,test,0.28682970698843735,0.5529661016949152,True,True,0.0
O=C(O)c1ccccc1C(=O)O,test,0.03479983017019285,0.5529661016949152,True,False,0.025975840492032276
CC(Cl)CCl,test,0.09483790691344123,0.5529661016949152,True,False,1.0460740605259526
Cc1ccc(C)c(C)c1,test,0.13850179017567213,0.5529661016949152,True,False,0.5042167884371557
CCc1cccc(C)c1N(C(=O)CCl)C(C)COC,test,0.048484108693175126,0.5529661016949152,True,False,0.7666577679132064
Cc1cccc(N)c1,test,0.1954106473439025,0.5529661016949152,True,False,1.5949603174577405
O=[N+]([O-])c1c(Cl)c(Cl)cc(Cl)c1Cl,test,0.1729245856527619,0.5529661016949152,True,False,0.42726108004365904
CCCCCCCCOC(=O)c1ccccc1C(=O)OCCCCCCCC,test,0.7332411606761232,0.5529661016949152,False,False,0.15621176115196556
OCc1ccccc1,test,0.2548328543315355,0.5529661016949152,True,False,0.08528475343469277
CC(=N)S,test,0.14384214744602994,0.5529661016949152,True,False,0.0856056292260372
c1ccc2ccccc2c1,test,0.04292945312867589,0.5529661016949152,True,True,0.0
CC(=O)c1ccccc1,test,0.03745879929467042,0.5529661016949152,True,True,0.0
O=[N+]([O-])c1ccccc1O,test,0.2530991139705807,0.5529661016949152,True,False,0.09520247703802598
CCOP(=S)(OCC)Oc1ncn(-c2ccccc2)n1,test,0.08617864398191206,0.5529661016949152,True,False,0.6550310545933791
CCN=c1nc(Cl)[nH]c(=NC(C)C)[nH]1,test,0.0450972637552909,0.5529661016949152,True,False,1.5667713207967982
Clc1ccc2c(c1)Oc1cc(Cl)ccc1O2,test,0.03253682167426488,0.5529661016949152,True,True,0.0
CCCCCCCC1CCCCC1,test,0.11921533854402624,0.5529661016949152,True,False,0.5394950308565238
O=[N+]([O-])c1ccccc1,test,0.05121262821677875,0.5529661016949152,True,False,0.7785885360637304
N#Cc1c(Cl)cccc1Cl,test,3.602904222405969,0.5529661016949152,False,False,0.9318596220140518
Nc1ccccc1,test,0.1979740440225682,0.5529661016949152,True,False,0.7129140567988181
C=C(C)CN(CC)c1c([N+](=O)[O-])cc(C(F)(F)F)cc1[N+](=O)[O-],test,19.757871590097764,0.5529661016949152,False,False,1.0751928055801674
C=CCl,test,0.09607173963142156,0.5529661016949152,True,False,0.5342964056166608
CN=C(O)Oc1cccc2c1OC(C)(C)C2,test,0.16243398690259178,0.5529661016949152,True,False,1.46774753954952
CCCCOC(=O)c1ccc(O)cc1,test,0.491172721135159,0.5529661016949152,True,False,0.46852362949576176
Cc1ccc(C(C)C)cc1,test,0.019545012002810214,0.5529661016949152,True,True,0.0
Cc1ccccc1O,test,0.46541500456356133,0.5529661016949152,True,False,0.3609164046849227
Cc1cccc(-c2ccccc2)c1,test,0.19130817245618342,0.5529661016949152,True,False,0.4652538875987582
O=C(O)CCCOc1ccc(Cl)cc1Cl,test,0.25939075057658456,0.5529661016949152,True,True,0.0
Cn1cc(-c2ccccc2)c(=O)c(-c2cccc(C(F)(F)F)c2)c1,test,0.04475076788285994,0.5529661016949152,True,False,0.654101446697205
CC(C)C1CCCC2CCCCC21,test,0.020377178265340815,0.5529661016949152,True,False,0.2844882602305099
Cc1cc(C)c(C)cc1C,test,0.08036177556635157,0.5529661016949152,True,False,0.5793875384539604
C1COCCO1,test,0.13676649013988526,0.5529661016949152,True,False,0.42547629115666474
Cc1ccc(OP(=O)(Oc2ccc(C)cc2)Oc2ccc(C)cc2)cc1,test,0.104481281212997,0.5529661016949152,True,False,0.5000343288967677
COC(C)(C)CCCC(C)CC=CC(C)=CC(=O)OC(C)C,test,0.01501193538555434,0.5529661016949152,True,False,0.40488992803195756
CN(C)C(=S)SSC(=S)N(C)C,test,0.0981364027614692,0.5529661016949152,True,False,1.351795287691924
CCCC(C)=O,test,0.5395139049055756,0.5529661016949152,True,False,0.022958571109307657
N=C(O)c1ccccc1,test,0.41231410445117045,0.5529661016949152,True,False,0.07092136454960363
Cc1ccc(O)cc1,test,0.030038668612739867,0.5529661016949152,True,False,1.2249338121320774
CCc1ccccc1C,test,0.03270726537442473,0.5529661016949152,True,False,0.04578219835236763
OC1CCCCC1,test,0.35081333543822807,0.5529661016949152,True,False,0.2245748086831263
C=CCC=CC,test,0.06695944312331557,0.5529661016949152,True,False,0.7199531277139752
CC(O)COC(C)CO,test,1.38913378654024,0.5529661016949152,False,False,0.328380620810111
COP(=S)(OC)Oc1ccc(SC)c(C)c1,test,1.492234061956581,0.5529661016949152,False,False,0.10062985164974636
CCCC(CCC)CCC,test,0.06892272706831841,0.5529661016949152,True,True,0.0
CC[C@H](C=C[C@@H](C)[C@H]1CC[C@H]2[C@@H]3CC=C4C[C@@H](O)CC[C@]4(C)[C@H]3CC[C@]12C)C(C)C,test,0.23815242922668986,0.5529661016949152,True,False,0.34729627522953654
ClC(Cl)Cl,test,0.1202474217526635,0.5529661016949152,True,False,0.8716965207322571
C1CCC2CCCC2C1,test,0.06551170557931518,0.5529661016949152,True,False,0.49021591381112795
Clc1c(Cl)c(Cl)c2c(c1Cl)Oc1c(Cl)c(Cl)c(Cl)c(Cl)c1O2,test,0.01556424140859194,0.5529661016949152,True,False,1.3055236782366348
CCCCC,test,0.30553808213745687,0.5529661016949152,True,False,0.2990986848837036
CCCN(CCC)C(=O)SCC,test,0.3578612514915763,0.5529661016949152,True,True,0.0
CCc1ccccc1,test,0.5920096216398814,0.5529661016949152,False,False,0.5817561883230324
CCCCCC1CCCCC1,test,0.08744805862410829,0.5529661016949152,True,False,0.9451865731858187
c1ccc2cc3c(cc2c1)-c1cccc2cccc-3c12,test,0.401672705776362,0.5529661016949152,True,False,0.178710351286405
CCC(=O)CC,test,0.11186366397927708,0.5529661016949152,True,False,1.0692007243786519
CCCCC(C)CC,test,0.022255647329437574,0.5529661016949152,True,True,0.0
O=C(O)c1ccc([N+](=O)[O-])cc1,test,5.845918464325697,0.5529661016949152,False,False,0.5022013847935938
C[C@H]1[C@@H](OS(=O)(=O)O)C[C@@H]2C[C@H]([C@@H](O)c3cc(O)nc(O)n3)NC3=NC[C@H]1N32,test,0.3315448785716644,0.5529661016949152,True,False,1.0250906004642826
Cc1cccc(C(C)C)c1,test,0.11069134174058712,0.5529661016949152,True,False,0.07306527824674924
c1ccc2c(c1)[nH]c1ccccc12,test,0.0844009999959759,0.5529661016949152,True,False,0.8687654590736114
CCCOCC(C)O,test,0.07224795154673658,0.5529661016949152,True,False,0.10615540142579638
Cc1cccc2c1Cc1ccccc1-2,test,0.11846850431881596,0.5529661016949152,True,False,0.6506021557803208
CCCCCCCC(C)C(C)(C)C,test,0.12434218513606396,0.5529661016949152,True,False,0.634483928543973
Clc1ccc(Cl)c(Cl)c1Cl,test,0.36286807151861883,0.5529661016949152,True,False,0.9003680130038743
COP(=S)(OC)Oc1ccc([N+](=O)[O-])cc1,test,0.13740930003797217,0.5529661016949152,True,False,0.0025308843838942607
ClCCOCCCl,test,4.773794242726897,0.5529661016949152,False,True,0.0
CCCCCCCCCCOC(=O)c1ccccc1C(=O)OCCCCCCCCCC,test,0.31585871696839246,0.5529661016949152,True,False,0.7727229507195583
Clc1ccccc1Cl,test,0.27131793641918284,0.5529661016949152,True,False,1.2605690206020583
Oc1ccccc1O,test,3.0999718617809306,0.5529661016949152,False,False,0.954584356375908
c1ccc(COCc2ccccc2)cc1,test,0.288085154931818,0.5529661016949152,True,False,1.044391553687066
Nc1cc([N+](=O)[O-])ccc1Cl,test,0.10727055240542932,0.5529661016949152,True,False,1.3156043600702634
CCCCCC(C)CCCCC,test,0.3137569364363414,0.5529661016949152,True,False,0.7867390076946876
